<?xml version="1.0" encoding="UTF-8" ?>
<XMLDB PATH="blocks/cdo_showcase/db" VERSION="2024120303" COMMENT="XMLDB file for Moodle 4.0+"
    xmlns:xsi="http://www.w3.org/2001/XMLSchema-instance"
    xsi:noNamespaceSchemaLocation="../../../lib/xmldb/xmldb.xsd"
>
  <TABLES>
    <TABLE NAME="block_cdo_showcase" COMMENT="Table for storing CDO showcase settings">
      <FIELDS>
        <FIELD NAME="id" TYPE="int" LENGTH="10" NOTNULL="true" SEQUENCE="true"/>
        <FIELD NAME="name" TYPE="char" LENGTH="255" NOTNULL="true" DEFAULT="" />
        <FIELD NAME="url" TYPE="text" NOTNULL="true"/>
        <FIELD NAME="category_id" TYPE="int" LENGTH="10" NOTNULL="false" DEFAULT=""/>
        <FIELD NAME="token" TYPE="char" LENGTH="255" NOTNULL="true" DEFAULT=""/>
        <FIELD NAME="token_status" TYPE="int" LENGTH="1" NOTNULL="false" DEFAULT="0"/>
        <FIELD NAME="timecreated" TYPE="int" LENGTH="10" NOTNULL="true" DEFAULT="0"/>
        <FIELD NAME="timemodified" TYPE="int" LENGTH="10" NOTNULL="true" DEFAULT="0"/>
      </FIELDS>
      <KEYS>
        <KEY NAME="primary" TYPE="primary" FIELDS="id"/>
      </KEYS>
      <INDEXES>
        <INDEX NAME="name" UNIQUE="false" FIELDS="name"/>
        <INDEX NAME="token_unique" UNIQUE="true" FIELDS="token"/>
        <INDEX NAME="timecreated" UNIQUE="false" FIELDS="timecreated"/>
        <INDEX NAME="timemodified" UNIQUE="false" FIELDS="timemodified"/>
      </INDEXES>
    </TABLE>
    
    <TABLE NAME="block_cdo_showcase_settings" COMMENT="Table for storing CDO showcase connection settings">
      <FIELDS>
        <FIELD NAME="id" TYPE="int" LENGTH="10" NOTNULL="true" SEQUENCE="true"/>
        <FIELD NAME="name" TYPE="char" LENGTH="255" NOTNULL="true" DEFAULT=""/>
        <FIELD NAME="url" TYPE="char" LENGTH="255" NOTNULL="true" DEFAULT=""/>
        <FIELD NAME="port" TYPE="int" LENGTH="5" NOTNULL="false" DEFAULT="80"/>
        <FIELD NAME="token" TYPE="char" LENGTH="255" NOTNULL="true" DEFAULT=""/>
        <FIELD NAME="token_status" TYPE="int" LENGTH="1" NOTNULL="true" DEFAULT="0"/>
        <FIELD NAME="timecreated" TYPE="int" LENGTH="10" NOTNULL="true" DEFAULT="0"/>
        <FIELD NAME="timemodified" TYPE="int" LENGTH="10" NOTNULL="true" DEFAULT="0"/>
      </FIELDS>
      <KEYS>
        <KEY NAME="primary" TYPE="primary" FIELDS="id"/>
      </KEYS>
    </TABLE>
    
    <TABLE NAME="block_cdo_showcase_token_users" COMMENT="Table for storing token-user associations">
      <FIELDS>
        <FIELD NAME="id" TYPE="int" LENGTH="10" NOTNULL="true" SEQUENCE="true"/>
        <FIELD NAME="token_id" TYPE="int" LENGTH="10" NOTNULL="true" DEFAULT="0"/>
        <FIELD NAME="user_email" TYPE="char" LENGTH="255" NOTNULL="true" DEFAULT=""/>
        <FIELD NAME="timecreated" TYPE="int" LENGTH="10" NOTNULL="true" DEFAULT="0"/>
        <FIELD NAME="timemodified" TYPE="int" LENGTH="10" NOTNULL="true" DEFAULT="0"/>
      </FIELDS>
      <KEYS>
        <KEY NAME="primary" TYPE="primary" FIELDS="id"/>
        <KEY NAME="token_id" TYPE="foreign" FIELDS="token_id" REFTABLE="block_cdo_showcase_settings" REFFIELDS="id"/>
      </KEYS>
      <INDEXES>
        <INDEX NAME="user_email" UNIQUE="false" FIELDS="user_email"/>
        <INDEX NAME="token_user_unique" UNIQUE="true" FIELDS="token_id,user_email"/>
      </INDEXES>
    </TABLE>
    
    <TABLE NAME="block_cdo_showcase_user_courses" COMMENT="Table for storing user-course assignments for CDO showcase">
      <FIELDS>
        <FIELD NAME="id" TYPE="int" LENGTH="10" NOTNULL="true" SEQUENCE="true"/>
        <FIELD NAME="config_id" TYPE="int" LENGTH="10" NOTNULL="true" DEFAULT="0"/>
        <FIELD NAME="user_email" TYPE="char" LENGTH="100" NOTNULL="true" DEFAULT=""/>
        <FIELD NAME="course_id" TYPE="int" LENGTH="10" NOTNULL="true" DEFAULT="0"/>
        <FIELD NAME="timecreated" TYPE="int" LENGTH="10" NOTNULL="true" DEFAULT="0"/>
        <FIELD NAME="timemodified" TYPE="int" LENGTH="10" NOTNULL="true" DEFAULT="0"/>
      </FIELDS>
      <KEYS>
        <KEY NAME="primary" TYPE="primary" FIELDS="id"/>
        <KEY NAME="config_fk" TYPE="foreign" FIELDS="config_id" REFTABLE="block_cdo_showcase" REFFIELDS="id"/>
      </KEYS>
      <INDEXES>
        <INDEX NAME="config_user" UNIQUE="false" FIELDS="config_id,user_email"/>
        <INDEX NAME="user_email" UNIQUE="false" FIELDS="user_email"/>
        <INDEX NAME="course_id" UNIQUE="false" FIELDS="course_id"/>
        <INDEX NAME="timecreated" UNIQUE="false" FIELDS="timecreated"/>
      </INDEXES>
    </TABLE>
  </TABLES>
</XMLDB> 